SEARCHVAL,BLK_NO,ROAD_NAME,BUILDING,ADDRESS,POSTAL,X,Y,LATITUDE,LONGITUDE,error
ADMIRALTY PRIMARY SCHOOL,11,WOODLANDS CIRCLE,ADMIRALTY PRIMARY SCHOOL,11 WOODLANDS CIRCLE ADMIRALTY PRIMARY SCHOOL SINGAPORE 738907,738907,24296.6250855923,47144.7700594738,1.4426347903311,103.800040119743,
AHMAD IBRAHIM PRIMARY SCHOOL,10,YISHUN STREET 11,AHMAD IBRAHIM PRIMARY SCHOOL,10 YISHUN STREET 11 AHMAD IBRAHIM PRIMARY SCHOOL SINGAPORE 768643,768643,27958.1371433474,46096.2627680488,1.43315271543517,103.832942401086,
AI TONG SCHOOL,100,BRIGHT HILL DRIVE,AI TONG SCHOOL,100 BRIGHT HILL DRIVE AI TONG SCHOOL SINGAPORE 579646,579646,27966.8088298785,38071.9191181567,1.3605834338904,103.833020333986,
ALEXANDRA PRIMARY SCHOOL,2A,PRINCE CHARLES CRESCENT,ALEXANDRA PRIMARY SCHOOL,2A PRINCE CHARLES CRESCENT ALEXANDRA PRIMARY SCHOOL SINGAPORE 159016,159016,27010.1854815315,30414.7169698272,1.29133439161334,103.824424680531,
ANCHOR GREEN PRIMARY SCHOOL,31,ANCHORVALE DRIVE,ANCHOR GREEN PRIMARY SCHOOL,31 ANCHORVALE DRIVE ANCHOR GREEN PRIMARY SCHOOL SINGAPORE 544969,544969,33992.4459471293,41365.6329499111,1.39036998654612,103.887165375933,
ANDERSON PRIMARY SCHOOL,19,ANG MO KIO AVENUE 9,ANDERSON PRIMARY SCHOOL,19 ANG MO KIO AVENUE 9 ANDERSON PRIMARY SCHOOL SINGAPORE 569785,569785,28898.4776482461,40690.4297215287,1.38426429436736,103.841392081119,
ANGLO-CHINESE SCHOOL (JUNIOR),16,WINSTEDT ROAD,ANGLO-CHINESE SCHOOL (JUNIOR),16 WINSTEDT ROAD ANGLO-CHINESE SCHOOL (JUNIOR) SINGAPORE 227988,227988,28849.3350947062,32406.8353125956,1.30935041274966,103.840950265464,
ANGLO-CHINESE SCHOOL (PRIMARY),50,BARKER ROAD,ANGLO-CHINESE SCHOOL (PRIMARY),50 BARKER ROAD ANGLO-CHINESE SCHOOL (PRIMARY) SINGAPORE 309918,309918,28254.9829477305,33404.2340238672,1.31837054523521,103.835609732354,
ANGSANA PRIMARY SCHOOL,51,TAMPINES STREET 61,ANGSANA PRIMARY SCHOOL,51 TAMPINES STREET 61 ANGSANA PRIMARY SCHOOL SINGAPORE 528565,528565,39754.5222957945,38406.3864220977,1.36360590588314,103.9389409004,
ANG MO KIO PRIMARY SCHOOL,20,ANG MO KIO AVENUE 3,ANG MO KIO PRIMARY SCHOOL,20 ANG MO KIO AVENUE 3 ANG MO KIO PRIMARY SCHOOL SINGAPORE 569920,569920,28702.4804675551,39038.1602696702,1.36932176584608,103.839630858752,
BEACON PRIMARY SCHOOL,36,BUKIT PANJANG RING ROAD,BEACON PRIMARY SCHOOL,36 BUKIT PANJANG RING ROAD BEACON PRIMARY SCHOOL SINGAPORE 679944,679944,21357.64699852,40655.688190354,1.38394936211823,103.773632022975,
BEDOK GREEN PRIMARY SCHOOL,1,BEDOK SOUTH AVENUE 2,BEDOK GREEN PRIMARY SCHOOL,1 BEDOK SOUTH AVENUE 2 BEDOK GREEN PRIMARY SCHOOL SINGAPORE 469317,469317,39636.5324891713,33965.6893824711,1.32344593287992,103.937878976352,
BENDEMEER PRIMARY SCHOOL,91,BENDEMEER ROAD,BENDEMEER PRIMARY SCHOOL,91 BENDEMEER ROAD BENDEMEER PRIMARY SCHOOL SINGAPORE 339948,339948,31570.8074810533,33784.8514976725,1.32181250780475,103.865404167629,
BLANGAH RISE PRIMARY SCHOOL,91,TELOK BLANGAH HEIGHTS,BLANGAH RISE PRIMARY SCHOOL,91 TELOK BLANGAH HEIGHTS BLANGAH RISE PRIMARY SCHOOL SINGAPORE 109100,109100,25252.1938973861,28732.4526119996,1.27612047924037,103.808628535239,
BIG HEART STUDENT CARE (BOON LAY GARDEN PRIMARY SCHOOL),20,BOON LAY DRIVE,BIG HEART STUDENT CARE (BOON LAY GARDEN PRIMARY SCHOOL),20 BOON LAY DRIVE BIG HEART STUDENT CARE (BOON LAY GARDEN PRIMARY SCHOOL) SINGAPORE 649930,649930,14594.0803428125,36110.2863859087,1.34284013791617,103.712858381937,
BUKIT PANJANG PRIMARY SCHOOL,109,CASHEW ROAD,BUKIT PANJANG PRIMARY SCHOOL,109 CASHEW ROAD BUKIT PANJANG PRIMARY SCHOOL SINGAPORE 679676,679676,20883.8530479269,39513.7297099214,1.37362179302436,103.769374904025,
AFTERSCHOOL @ BUKIT TIMAH PRIMARY SCHOOL,111,LORONG KISMIS,AFTERSCHOOL @ BUKIT TIMAH PRIMARY SCHOOL,111 LORONG KISMIS AFTERSCHOOL @ BUKIT TIMAH PRIMARY SCHOOL SINGAPORE 598112,598112,20603.3479896449,35547.1996132508,1.3377498622588,103.766855344779,
BUKIT VIEW PRIMARY SCHOOL,18,BUKIT BATOK STREET 21,BUKIT VIEW PRIMARY SCHOOL,18 BUKIT BATOK STREET 21 BUKIT VIEW PRIMARY SCHOOL SINGAPORE 659634,659634,19135.5884738322,36444.0823157039,1.34586054788695,103.75366641455,
CANBERRA PRIMARY SCHOOL,21,ADMIRALTY DRIVE,CANBERRA PRIMARY SCHOOL,21 ADMIRALTY DRIVE CANBERRA PRIMARY SCHOOL SINGAPORE 757714,757714,26057.0121687725,48097.4040875677,1.45125024371543,103.815858858929,
CANOSSA CATHOLIC PRIMARY SCHOOL,1,SALLIM ROAD,CANOSSA CATHOLIC PRIMARY SCHOOL,1 SALLIM ROAD CANOSSA CATHOLIC PRIMARY SCHOOL SINGAPORE 387621,387621,33443.1189393327,34319.1509661097,1.32664424544839,103.882227964852,
CANTONMENT PRIMARY SCHOOL,1,CANTONMENT CLOSE,CANTONMENT PRIMARY SCHOOL,1 CANTONMENT CLOSE CANTONMENT PRIMARY SCHOOL SINGAPORE 088256,088256,28739.4305021614,28660.7930697445,1.27547252623201,103.839962631748,
CASUARINA PRIMARY SCHOOL,30,PASIR RIS STREET 41,CASUARINA PRIMARY SCHOOL,30 PASIR RIS STREET 41 CASUARINA PRIMARY SCHOOL SINGAPORE 518935,518935,41766.4977676729,39385.5958609674,1.37246063927999,103.957020286115,
COMMIT LEARNING SCHOOLHOUSE @ CATHOLIC HIGH SCHOOL (PRIMARY),9,BISHAN STREET 22,COMMIT LEARNING SCHOOLHOUSE @ CATHOLIC HIGH SCHOOL (PRIMARY),9 BISHAN STREET 22 COMMIT LEARNING SCHOOLHOUSE @ CATHOLIC HIGH SCHOOL (PRIMARY) SINGAPORE 579767,579767,29212.1656484166,37386.9490167908,1.35438878373608,103.844210670766,
BIG HEART STUDENT CARE (CEDAR PRIMARY SCHOOL),15,CEDAR AVENUE,BIG HEART STUDENT CARE (CEDAR PRIMARY SCHOOL),15 CEDAR AVENUE BIG HEART STUDENT CARE (CEDAR PRIMARY SCHOOL) SINGAPORE 349700,349700,32707.7091499828,35316.1469013225,1.33566084356265,103.87562006259,
CHANGKAT PRIMARY SCHOOL,11,SIMEI STREET 3,CHANGKAT PRIMARY SCHOOL,11 SIMEI STREET 3 CHANGKAT PRIMARY SCHOOL SINGAPORE 529896,529896,41216.8906296864,35821.8419446945,1.34023163951633,103.952080114035,
CHIJ (KATONG) PRIMARY,17,MARTIA ROAD,CHIJ (KATONG) PRIMARY,17 MARTIA ROAD CHIJ (KATONG) PRIMARY SINGAPORE 424821,424821,36656.9804726057,32090.1643723603,1.30648535277087,103.911105620496,
CHIJ (KELLOCK),1,BUKIT TERESA ROAD,CHIJ (KELLOCK),1 BUKIT TERESA ROAD CHIJ (KELLOCK) SINGAPORE 099757,099757,27425.6197932558,28611.0557805933,1.275022722964,103.828157564896,
CHIJ OUR LADY OF GOOD COUNSEL,2C,BURGHLEY DRIVE,CHIJ OUR LADY OF GOOD COUNSEL,2C BURGHLEY DRIVE CHIJ OUR LADY OF GOOD COUNSEL SINGAPORE 558979,558979,31415.5340866428,37723.1973494291,1.35742952269615,103.864009397373,
CHIJ OUR LADY OF THE NATIVITY,1257,UPPER SERANGOON ROAD,CHIJ OUR LADY OF THE NATIVITY,1257 UPPER SERANGOON ROAD CHIJ OUR LADY OF THE NATIVITY SINGAPORE 534793,534793,35151.0338091562,39478.4768616967,1.37330297140128,103.897575728303,
CHIJ OUR LADY QUEEN OF PEACE,4A,CHESTNUT DRIVE,CHIJ OUR LADY QUEEN OF PEACE,4A CHESTNUT DRIVE CHIJ OUR LADY QUEEN OF PEACE SINGAPORE 679330,679330,20813.0919199651,38721.8321143519,1.36646014136363,103.768739256709,
CHIJ PRIMARY (TOA PAYOH),628,LORONG 1 TOA PAYOH,CHIJ PRIMARY (TOA PAYOH),628 LORONG 1 TOA PAYOH CHIJ PRIMARY (TOA PAYOH) SINGAPORE 319765,319765,28949.1537291808,34994.5345916729,1.33275264711587,103.841847263786,
CHIJ SAINT NICHOLAS GIRLS' SCHOOL,501,ANG MO KIO STREET 13,CHIJ SAINT NICHOLAS GIRLS' SCHOOL,501 ANG MO KIO STREET 13 CHIJ SAINT NICHOLAS GIRLS' SCHOOL SINGAPORE 569405,569405,28104.0195931299,39497.6106162649,1.37347687878916,103.834253269436,
CHONGFU SCHOOL,170,YISHUN AVENUE 6,CHONGFU SCHOOL,170 YISHUN AVENUE 6 CHONGFU SCHOOL SINGAPORE 768959,768959,28666.6613053558,46675.9986570273,1.43839562897006,103.839309173817,
BIG HEART STUDENT CARE (CHONGZHENG PRIMARY SCHOOL),1,TAMPINES STREET 21,BIG HEART STUDENT CARE (CHONGZHENG PRIMARY SCHOOL),1 TAMPINES STREET 21 BIG HEART STUDENT CARE (CHONGZHENG PRIMARY SCHOOL) SINGAPORE 529392,529392,41131.9416870372,36969.5707135443,1.35061130568554,103.951317297552,
CHUA CHU KANG PRIMARY SCHOOL,20,CHOA CHU KANG AVENUE 2,CHUA CHU KANG PRIMARY SCHOOL,20 CHOA CHU KANG AVENUE 2 CHUA CHU KANG PRIMARY SCHOOL SINGAPORE 689905,689905,17818.7829598142,39971.2903354876,1.37775890093367,103.741832917421,
CLEMENTI PRIMARY SCHOOL,8,CLEMENTI AVENUE 3,CLEMENTI PRIMARY SCHOOL,8 CLEMENTI AVENUE 3 CLEMENTI PRIMARY SCHOOL SINGAPORE 129903,129903,20190.2983410172,33038.6364921555,1.31506321827875,103.763144493687,
COMPASSVALE PRIMARY SCHOOL,21,COMPASSVALE STREET,COMPASSVALE PRIMARY SCHOOL,21 COMPASSVALE STREET COMPASSVALE PRIMARY SCHOOL SINGAPORE 545091,545091,35177.2900137762,41816.2900234833,1.39444529636566,103.897812229905,
BIG HEART STUDENT CARE (CONCORD PRIMARY SCHOOL),3,CHOA CHU KANG AVENUE 4,BIG HEART STUDENT CARE (CONCORD PRIMARY SCHOOL),3 CHOA CHU KANG AVENUE 4 BIG HEART STUDENT CARE (CONCORD PRIMARY SCHOOL) SINGAPORE 689814,689814,17231.3486815896,40248.4434567168,1.38026516111464,103.736554295636,
ADMIRALTY PRIMARY SCHOOL,11,WOODLANDS CIRCLE,ADMIRALTY PRIMARY SCHOOL,11 WOODLANDS CIRCLE ADMIRALTY PRIMARY SCHOOL SINGAPORE 738907,738907,24296.6250855923,47144.7700594738,1.4426347903311,103.800040119743,
CORPORATION PRIMARY SCHOOL,31,JURONG WEST STREET 24,CORPORATION PRIMARY SCHOOL,31 JURONG WEST STREET 24 CORPORATION PRIMARY SCHOOL SINGAPORE 648347,648347,14008.2263862854,37012.3505131546,1.35099779872539,103.707593724342,
ADMIRALTY PRIMARY SCHOOL,11,WOODLANDS CIRCLE,ADMIRALTY PRIMARY SCHOOL,11 WOODLANDS CIRCLE ADMIRALTY PRIMARY SCHOOL SINGAPORE 738907,738907,24296.6250855923,47144.7700594738,1.4426347903311,103.800040119743,
DAMAI PRIMARY SCHOOL,52,BEDOK RESERVOIR CRESCENT,DAMAI PRIMARY SCHOOL,52 BEDOK RESERVOIR CRESCENT DAMAI PRIMARY SCHOOL SINGAPORE 479226,479226,37788.0885467725,35294.1912929006,1.33546106800406,103.921270169613,
DAZHONG PRIMARY SCHOOL,35,BUKIT BATOK STREET 31,DAZHONG PRIMARY SCHOOL,35 BUKIT BATOK STREET 31 DAZHONG PRIMARY SCHOOL SINGAPORE 659441,659441,18557.5702323942,37916.8722190689,1.3591797447277,103.74847210784,
DE LA SALLE SCHOOL,11,CHOA CHU KANG STREET 52,DE LA SALLE SCHOOL,11 CHOA CHU KANG STREET 52 DE LA SALLE SCHOOL SINGAPORE 689285,689285,17971.195454672,41845.4133931287,1.3947078296399,103.743201812831,
AMP-MERCU STUDENT CARE CENTRE @ FUHUA PRIMARY SCHOOL,65,JURONG EAST STREET 13,AMP-MERCU STUDENT CARE CENTRE @ FUHUA PRIMARY SCHOOL,65 JURONG EAST STREET 13 AMP-MERCU STUDENT CARE CENTRE @ FUHUA PRIMARY SCHOOL SINGAPORE 609647,609647,17179.4264072292,35419.8652930856,1.33659726465816,103.736089481883,
EAST SPRING PRIMARY SCHOOL,31,TAMPINES STREET 33,EAST SPRING PRIMARY SCHOOL,31 TAMPINES STREET 33 EAST SPRING PRIMARY SCHOOL SINGAPORE 529258,529258,42284.8340225685,37198.8184850682,1.35268400746357,103.961676849165,
BUKIT VIEW PRIMARY SCHOOL,18,BUKIT BATOK STREET 21,BUKIT VIEW PRIMARY SCHOOL,18 BUKIT BATOK STREET 21 BUKIT VIEW PRIMARY SCHOOL SINGAPORE 659634,659634,19135.5884738322,36444.0823157039,1.34586054788695,103.75366641455,
EDGEFIELD PRIMARY SCHOOL,41,EDGEFIELD PLAINS,EDGEFIELD PRIMARY SCHOOL,41 EDGEFIELD PLAINS EDGEFIELD PRIMARY SCHOOL SINGAPORE 828869,828869,36294.0746121518,42440.6405269764,1.40009139510996,103.907847599114,
AFTERSCHOOL @ ELIAS PARK PRIMARY SCHOOL,11,PASIR RIS STREET 52,AFTERSCHOOL @ ELIAS PARK PRIMARY SCHOOL,11 PASIR RIS STREET 52 AFTERSCHOOL @ ELIAS PARK PRIMARY SCHOOL SINGAPORE 518866,518866,40460.9792755861,39672.6204007976,1.37505696315817,103.945289416873,
ENDEAVOUR PRIMARY SCHOOL,10,ADMIRALTY LINK,ENDEAVOUR PRIMARY SCHOOL,10 ADMIRALTY LINK ENDEAVOUR PRIMARY SCHOOL SINGAPORE 757521,757521,26232.5507349819,48405.7003912628,1.45403837499301,103.817436231731,
EVERGREEN PRIMARY SCHOOL,31,WOODLANDS CIRCLE,EVERGREEN PRIMARY SCHOOL,31 WOODLANDS CIRCLE EVERGREEN PRIMARY SCHOOL SINGAPORE 738908,738908,23688.7552570887,47312.692020528,1.44415332824735,103.794577787757,
COMMIT LEARNING SCHOOLHOUSE @ FAIRFIELD METHODIST SCHOOL (PRIMARY),100,DOVER ROAD,COMMIT LEARNING SCHOOLHOUSE @ FAIRFIELD METHODIST SCHOOL (PRIMARY),100 DOVER ROAD COMMIT LEARNING SCHOOLHOUSE @ FAIRFIELD METHODIST SCHOOL (PRIMARY) SINGAPORE 139648,139648,22673.2819890725,31484.0275675338,1.30100441916733,103.785455606827,
FARRER PARK PRIMARY SCHOOL,2,FARRER PARK ROAD,FARRER PARK PRIMARY SCHOOL,2 FARRER PARK ROAD FARRER PARK PRIMARY SCHOOL SINGAPORE 217567,217567,29941.7768185176,32740.5849021059,1.31236867681371,103.850766402965,
FENGSHAN PRIMARY SCHOOL,307,BEDOK NORTH ROAD,FENGSHAN PRIMARY SCHOOL,307 BEDOK NORTH ROAD FENGSHAN PRIMARY SCHOOL SINGAPORE 469680,469680,38949.9907227494,34668.9245775398,1.32980598760785,103.931710293058,
FERNVALE PRIMARY SCHOOL,1,FERNVALE LANE,FERNVALE PRIMARY SCHOOL,1 FERNVALE LANE FERNVALE PRIMARY SCHOOL SINGAPORE 797701,797701,32576.8849010281,41358.1178030372,1.39030227963797,103.874445458032,
FIRST TOA PAYOH PRIMARY SCHOOL,7,LORONG 8 TOA PAYOH,FIRST TOA PAYOH PRIMARY SCHOOL,7 LORONG 8 TOA PAYOH FIRST TOA PAYOH PRIMARY SCHOOL SINGAPORE 319252,319252,30471.8817195026,35831.634454662,1.34032299499938,103.855529906182,
FRONTIER PRIMARY SCHOOL,20,JURONG WEST STREET 61,FRONTIER PRIMARY SCHOOL,20 JURONG WEST STREET 61 FRONTIER PRIMARY SCHOOL SINGAPORE 648200,648200,13129.8467444237,35399.679120725,1.33641298743234,103.69970173931,
FUCHUN PRIMARY SCHOOL,23,WOODLANDS AVENUE 1,FUCHUN PRIMARY SCHOOL,23 WOODLANDS AVENUE 1 FUCHUN PRIMARY SCHOOL SINGAPORE 739063,739063,21865.3411816815,45800.7908879817,1.43047990810126,103.778192944298,
AMP-MERCU STUDENT CARE CENTRE @ FUHUA PRIMARY SCHOOL,65,JURONG EAST STREET 13,AMP-MERCU STUDENT CARE CENTRE @ FUHUA PRIMARY SCHOOL,65 JURONG EAST STREET 13 AMP-MERCU STUDENT CARE CENTRE @ FUHUA PRIMARY SCHOOL SINGAPORE 609647,609647,17179.4264072292,35419.8652930856,1.33659726465816,103.736089481883,
GAN ENG SENG PRIMARY SCHOOL,100,REDHILL CLOSE,GAN ENG SENG PRIMARY SCHOOL,100 REDHILL CLOSE GAN ENG SENG PRIMARY SCHOOL SINGAPORE 158901,158901,26022.2170935348,29780.10807156,1.28559516494962,103.815547410064,
GEYLANG METHODIST SCHOOL (PRIMARY),4,GEYLANG EAST CENTRAL,GEYLANG METHODIST SCHOOL (PRIMARY),4 GEYLANG EAST CENTRAL GEYLANG METHODIST SCHOOL (PRIMARY) SINGAPORE 389706,389706,33623.1818729434,33318.1223668903,1.31759126757284,103.883845744916,
COMMIT LEARNING SCHOOLHOUSE @ GONGSHANG PRIMARY SCHOOL,1,TAMPINES STREET 42,COMMIT LEARNING SCHOOLHOUSE @ GONGSHANG PRIMARY SCHOOL,1 TAMPINES STREET 42 COMMIT LEARNING SCHOOLHOUSE @ GONGSHANG PRIMARY SCHOOL SINGAPORE 529176,529176,40890.1319455709,37688.8239677399,1.35711606790292,103.949144797277,
GREENDALE PRIMARY SCHOOL,50,EDGEDALE PLAINS,GREENDALE PRIMARY SCHOOL,50 EDGEDALE PLAINS GREENDALE PRIMARY SCHOOL SINGAPORE 828848,828848,36793.4333255449,42041.5424514245,1.39648195114256,103.91233462071,
GREENRIDGE PRIMARY SCHOOL,11,JELAPANG ROAD,GREENRIDGE PRIMARY SCHOOL,11 JELAPANG ROAD GREENRIDGE PRIMARY SCHOOL SINGAPORE 677744,677744,20708.0073222192,40870.2050487585,1.3858892193692,103.767794469258,
GREENWOOD PRIMARY SCHOOL,11,WOODLANDS DRIVE 62,GREENWOOD PRIMARY SCHOOL,11 WOODLANDS DRIVE 62 GREENWOOD PRIMARY SCHOOL SINGAPORE 737942,737942,24818.0410170276,46842.3174743224,1.43989958331782,103.804725587384,
HAIG GIRLS' SCHOOL,51,KOON SENG ROAD,HAIG GIRLS' SCHOOL,51 KOON SENG ROAD HAIG GIRLS' SCHOOL SINGAPORE 427072,427072,35744.037941209,32693.6655622385,1.31194344271383,103.902902557195,
HOLY INNOCENTS' PRIMARY SCHOOL,5,LORONG LOW KOON,HOLY INNOCENTS' PRIMARY SCHOOL,5 LORONG LOW KOON HOLY INNOCENTS' PRIMARY SCHOOL SINGAPORE 536451,536451,34765.9036816582,38774.6943912152,1.36693830877349,103.894114899795,
HENRY PARK PRIMARY SCHOOL,1,HOLLAND GROVE ROAD,HENRY PARK PRIMARY SCHOOL,1 HOLLAND GROVE ROAD HENRY PARK PRIMARY SCHOOL SINGAPORE 278790,278790,22544.2873791968,33216.9645254761,1.31667646178347,103.784296227747,
HONG WEN SCHOOL,30,TOWNER ROAD,HONG WEN SCHOOL,30 TOWNER ROAD HONG WEN SCHOOL SINGAPORE 327829,327829,30705.4493981982,33779.0355954058,1.32175999964553,103.857628468881,
HORIZON PRIMARY SCHOOL,61,EDGEDALE PLAINS,HORIZON PRIMARY SCHOOL,61 EDGEDALE PLAINS HORIZON PRIMARY SCHOOL SINGAPORE 828819,828819,36912.5247354358,42380.7999361996,1.399550034492,103.913404855665,
HOUGANG PRIMARY SCHOOL,1,HOUGANG STREET 93,HOUGANG PRIMARY SCHOOL,1 HOUGANG STREET 93 HOUGANG PRIMARY SCHOOL SINGAPORE 534238,534238,33284.6782123018,39929.5216681417,1.37738245231461,103.880805274557,
HUAMIN PRIMARY SCHOOL,21,YISHUN AVENUE 11,HUAMIN PRIMARY SCHOOL,21 YISHUN AVENUE 11 HUAMIN PRIMARY SCHOOL SINGAPORE 768857,768857,29215.4177919272,45412.9266837817,1.42697284512936,103.844240226564,
INNOVA PRIMARY SCHOOL,80,WOODLANDS DRIVE 17,INNOVA PRIMARY SCHOOL,80 WOODLANDS DRIVE 17 INNOVA PRIMARY SCHOOL SINGAPORE 737888,737888,23246.8971469188,45633.4723797198,1.42896700684852,103.790607539185,
JIEMIN PRIMARY SCHOOL,2,YISHUN STREET 71,JIEMIN PRIMARY SCHOOL,2 YISHUN STREET 71 JIEMIN PRIMARY SCHOOL SINGAPORE 768515,768515,27678.0421859771,45492.0549418237,1.42768847665227,103.830425490093,
FU SHAN GARDEN,,NIL,FU SHAN GARDEN,FU SHAN GARDEN,NIL,23198.2788045891,46883.326506082,1.4402702234826,103.790170446527,
JUNYUAN PRIMARY SCHOOL,2,TAMPINES STREET 91,JUNYUAN PRIMARY SCHOOL,2 TAMPINES STREET 91 JUNYUAN PRIMARY SCHOOL SINGAPORE 528906,528906,39785.8491141181,36666.4713015798,1.34787074766746,103.939221709073,
JURONG PRIMARY SCHOOL,320,JURONG EAST STREET 32,JURONG PRIMARY SCHOOL,320 JURONG EAST STREET 32 JURONG PRIMARY SCHOOL SINGAPORE 609476,609476,16853.0771883978,36729.2343872562,1.34843859698946,103.733156566858,
JURONG WEST PRIMARY SCHOOL,30,JURONG WEST STREET 61,JURONG WEST PRIMARY SCHOOL,30 JURONG WEST STREET 61 JURONG WEST PRIMARY SCHOOL SINGAPORE 648368,648368,13029.9245329089,35705.1165225543,1.33917519796104,103.698803732244,
ADMIRALTY PRIMARY SCHOOL,11,WOODLANDS CIRCLE,ADMIRALTY PRIMARY SCHOOL,11 WOODLANDS CIRCLE ADMIRALTY PRIMARY SCHOOL SINGAPORE 738907,738907,24296.6250855923,47144.7700594738,1.4426347903311,103.800040119743,
KEMING PRIMARY SCHOOL,90,BUKIT BATOK EAST AVENUE 6,KEMING PRIMARY SCHOOL,90 BUKIT BATOK EAST AVENUE 6 KEMING PRIMARY SCHOOL SINGAPORE 659762,659762,19445.3031655131,36407.3561431039,1.34552849960874,103.756449399351,
KHENG CHENG SCHOOL,15,LORONG 3 TOA PAYOH,KHENG CHENG SCHOOL,15 LORONG 3 TOA PAYOH KHENG CHENG SCHOOL SINGAPORE 319580,319580,29539.1234353296,35501.5835219584,1.3373381935639,103.847148501824,
KONG HWA SCHOOL,350,GUILLEMARD ROAD,KONG HWA SCHOOL,350 GUILLEMARD ROAD KONG HWA SCHOOL SINGAPORE 399772,399772,34124.7036575247,32588.943696009,1.31099674009193,103.888352029067,
KRANJI PRIMARY SCHOOL,11,CHOA CHU KANG STREET 54,KRANJI PRIMARY SCHOOL,11 CHOA CHU KANG STREET 54 KRANJI PRIMARY SCHOOL SINGAPORE 689189,689189,18434.245239621,41718.5305804759,1.39356050497104,103.747362720939,
KUO CHUAN PRESBYTERIAN PRIMARY SCHOOL,8,BISHAN STREET 13,KUO CHUAN PRESBYTERIAN PRIMARY SCHOOL,8 BISHAN STREET 13 KUO CHUAN PRESBYTERIAN PRIMARY SCHOOL SINGAPORE 579793,579793,30414.9291181238,36835.1167885177,1.34939813669536,103.855018233311,
LAKESIDE PRIMARY SCHOOL,161,CORPORATION WALK,LAKESIDE PRIMARY SCHOOL,161 CORPORATION WALK LAKESIDE PRIMARY SCHOOL SINGAPORE 618310,618310,15176.2291954523,35597.6143301465,1.33820397704287,103.718089546664,
LIANHUA PRIMARY SCHOOL,2,BUKIT BATOK STREET 52,LIANHUA PRIMARY SCHOOL,2 BUKIT BATOK STREET 52 LIANHUA PRIMARY SCHOOL SINGAPORE 659243,659243,19191.1979939695,37370.8497486636,1.35424191127295,103.754165828711,
AFTER SCHOOL @ MAHA BODHI SCHOOL,10,UBI AVENUE 1,AFTER SCHOOL @ MAHA BODHI SCHOOL,10 UBI AVENUE 1 AFTER SCHOOL @ MAHA BODHI SCHOOL SINGAPORE 408931,408931,35566.4064952666,34533.273462953,1.32858023873554,103.901306904157,
AVONDALE GRAMMAR SCHOOL (PRIMARY & MIDDLE YEARS CAMPUS),304,TANGLIN ROAD,AVONDALE GRAMMAR SCHOOL (PRIMARY & MIDDLE YEARS CAMPUS),304 TANGLIN ROAD AVONDALE GRAMMAR SCHOOL (PRIMARY & MIDDLE YEARS CAMPUS) SINGAPORE 247972,247972,25953.6039330373,31066.9158344194,1.29723259722684,103.814930809739,
MARSILING PRIMARY SCHOOL,31,WOODLANDS CENTRE ROAD,MARSILING PRIMARY SCHOOL,31 WOODLANDS CENTRE ROAD MARSILING PRIMARY SCHOOL SINGAPORE 738927,738927,21359.011448958,46172.2397052329,1.43383904037059,103.773643013846,
MARYMOUNT CONVENT SCHOOL,20,MARYMOUNT ROAD,MARYMOUNT CONVENT SCHOOL,20 MARYMOUNT ROAD MARYMOUNT CONVENT SCHOOL SINGAPORE 297754,297754,28745.9144793656,35836.4646800403,1.34036676987375,103.840021064426,
MAYFLOWER PRIMARY SCHOOL,200,ANG MO KIO AVENUE 5,MAYFLOWER PRIMARY SCHOOL,200 ANG MO KIO AVENUE 5 MAYFLOWER PRIMARY SCHOOL SINGAPORE 569878,569878,29105.5559377754,39818.2753564138,1.37637683547682,103.843252803742,
MEE TOH SCHOOL,21,EDGEDALE PLAINS,MEE TOH SCHOOL,21 EDGEDALE PLAINS MEE TOH SCHOOL SINGAPORE 828867,828867,36376.6569616906,41835.4725095034,1.3946184538592,103.908589494228,
MERIDIAN PRIMARY SCHOOL,20,PASIR RIS STREET 71,MERIDIAN PRIMARY SCHOOL,20 PASIR RIS STREET 71 MERIDIAN PRIMARY SCHOOL SINGAPORE 518798,518798,39303.5458344575,39724.6885971073,1.37552831658484,103.934889078518,
PAYA LEBAR METHODIST GIRLS' SCHOOL (PRIMARY),298,LORONG AH SOO,PAYA LEBAR METHODIST GIRLS' SCHOOL (PRIMARY),298 LORONG AH SOO PAYA LEBAR METHODIST GIRLS' SCHOOL (PRIMARY) SINGAPORE 536741,536741,33748.3760953182,36843.4187818952,1.34947276268396,103.884971343143,
LEARNING STUDIO EDUCARE BY ZENITANT (MONTFORT JUNIOR SCHOOL),52,HOUGANG AVENUE 8,LEARNING STUDIO EDUCARE BY ZENITANT (MONTFORT JUNIOR SCHOOL),52 HOUGANG AVENUE 8 LEARNING STUDIO EDUCARE BY ZENITANT (MONTFORT JUNIOR SCHOOL) SINGAPORE 538786,538786,34279.1743147392,39514.0026060622,1.37362445234082,103.889741457901,
NAN CHIAU PRIMARY SCHOOL,50,ANCHORVALE LINK,NAN CHIAU PRIMARY SCHOOL,50 ANCHORVALE LINK NAN CHIAU PRIMARY SCHOOL SINGAPORE 545080,545080,34439.3196740765,41569.2687405795,1.39221149906592,103.891180928186,
NAN HUA PRIMARY SCHOOL,30,JALAN LEMPENG,NAN HUA PRIMARY SCHOOL,30 JALAN LEMPENG NAN HUA PRIMARY SCHOOL SINGAPORE 128806,128806,19962.2298404071,33496.2443055101,1.31920159956387,103.761095065761,
NANYANG PRIMARY SCHOOL,52,KING'S ROAD,NANYANG PRIMARY SCHOOL,52 KING'S ROAD NANYANG PRIMARY SCHOOL SINGAPORE 268097,268097,25154.4872114761,33678.1373927556,1.32084749904532,103.807750155296,
NGEE ANN PRIMARY SCHOOL,344,MARINE TERRACE,NGEE ANN PRIMARY SCHOOL,344 MARINE TERRACE NGEE ANN PRIMARY SCHOOL SINGAPORE 449149,449149,37364.5041869488,31984.0027186833,1.30552505910497,103.917463017497,
NAVAL BASE PRIMARY SCHOOL,7,YISHUN AVENUE 4,NAVAL BASE PRIMARY SCHOOL,7 YISHUN AVENUE 4 NAVAL BASE PRIMARY SCHOOL SINGAPORE 769028,769028,28609.3447617413,44233.5083953608,1.41630663159387,103.838794077233,
NEW TOWN PRIMARY SCHOOL,300,TANGLIN HALT ROAD,NEW TOWN PRIMARY SCHOOL,300 TANGLIN HALT ROAD NEW TOWN PRIMARY SCHOOL SINGAPORE 148812,148812,24303.310102744,31333.338985689,1.29964188181021,103.80010216304,
NORTHLAND PRIMARY SCHOOL,15,YISHUN AVENUE 4,NORTHLAND PRIMARY SCHOOL,15 YISHUN AVENUE 4 NORTHLAND PRIMARY SCHOOL SINGAPORE 769026,769026,28846.8654693784,44749.1496797893,1.42096989918951,103.840928424929,
NORTHOAKS PRIMARY SCHOOL,61,SEMBAWANG DRIVE,NORTHOAKS PRIMARY SCHOOL,61 SEMBAWANG DRIVE NORTHOAKS PRIMARY SCHOOL SINGAPORE 757622,757622,25872.0767556792,48689.8195981402,1.45660782030102,103.814196981329,
NORTH SPRING PRIMARY SCHOOL,1,RIVERVALE STREET,NORTH SPRING PRIMARY SCHOOL,1 RIVERVALE STREET NORTH SPRING PRIMARY SCHOOL SINGAPORE 545088,545088,35777.2005732814,40999.8398870248,1.38706146494859,103.903202683028,
NORTH VIEW PRIMARY SCHOOL,210,YISHUN AVENUE 6,NORTH VIEW PRIMARY SCHOOL,210 YISHUN AVENUE 6 NORTH VIEW PRIMARY SCHOOL SINGAPORE 768960,768960,29655.0564113865,45473.7925722394,1.42752327193727,103.848190787869,
NORTH VISTA PRIMARY SCHOOL,20,COMPASSVALE LINK,NORTH VISTA PRIMARY SCHOOL,20 COMPASSVALE LINK NORTH VISTA PRIMARY SCHOOL SINGAPORE 544974,544974,34971.4042828046,40531.0861005448,1.38282243016299,103.895961877928,
OASIS PRIMARY SCHOOL,71,EDGEFIELD PLAINS,OASIS PRIMARY SCHOOL,71 EDGEFIELD PLAINS OASIS PRIMARY SCHOOL SINGAPORE 828716,828716,36658.2990973163,42941.8599344008,1.40462413200793,103.911120600638,
KNOWLEDGE PARK EDUCARE PTE LTE (OPERA ESTATE PRIMARY SCHOOL),48,FIDELIO STREET,KNOWLEDGE PARK EDUCARE PTE LTE (OPERA ESTATE PRIMARY SCHOOL),48 FIDELIO STREET KNOWLEDGE PARK EDUCARE PTE LTE (OPERA ESTATE PRIMARY SCHOOL) SINGAPORE 458436,458436,38064.4274895079,33581.1396132912,1.31996876377748,103.923752668632,
PALM VIEW PRIMARY SCHOOL,150,COMPASSVALE BOW,PALM VIEW PRIMARY SCHOOL,150 COMPASSVALE BOW PALM VIEW PRIMARY SCHOOL SINGAPORE 544822,544822,34458.6783197625,40635.7654705234,1.38376923022123,103.891354675017,
PARK VIEW PRIMARY SCHOOL,60,PASIR RIS DRIVE 1,PARK VIEW PRIMARY SCHOOL,60 PASIR RIS DRIVE 1 PARK VIEW PRIMARY SCHOOL SINGAPORE 519524,519524,39821.3162899343,39929.5384668726,1.37738069854249,103.939541695654,
PASIR RIS PRIMARY SCHOOL,5,PASIR RIS STREET 21,PASIR RIS PRIMARY SCHOOL,5 PASIR RIS STREET 21 PASIR RIS PRIMARY SCHOOL SINGAPORE 518968,518968,42410.5136828674,39380.9927665386,1.37241870245531,103.962807212116,
PAYA LEBAR METHODIST GIRLS' SCHOOL (PRIMARY),298,LORONG AH SOO,PAYA LEBAR METHODIST GIRLS' SCHOOL (PRIMARY),298 LORONG AH SOO PAYA LEBAR METHODIST GIRLS' SCHOOL (PRIMARY) SINGAPORE 536741,536741,33748.3760953182,36843.4187818952,1.34947276268396,103.884971343143,
ACE @ WORK SCHOOLCARE PTE LTD (PEI CHUN PUBLIC SCHOOL),16,LORONG 7 TOA PAYOH,ACE @ WORK SCHOOLCARE PTE LTD (PEI CHUN PUBLIC SCHOOL),16 LORONG 7 TOA PAYOH ACE @ WORK SCHOOLCARE PTE LTD (PEI CHUN PUBLIC SCHOOL) SINGAPORE 319320,319320,30450.8965329072,35439.718033338,1.33677864390672,103.855341310212,
PEI HWA PRESBYTERIAN PRIMARY SCHOOL,7,PEI WAH AVENUE,PEI HWA PRESBYTERIAN PRIMARY SCHOOL,7 PEI WAH AVENUE PEI HWA PRESBYTERIAN PRIMARY SCHOOL SINGAPORE 597610,597610,21632.898745548,35581.0631004851,1.33805634613048,103.776106448614,
LEARNING LEAP PTE LTD (PEI TONG PRIMARY SCHOOL),15,CLEMENTI AVENUE 5,LEARNING LEAP PTE LTD (PEI TONG PRIMARY SCHOOL),15 CLEMENTI AVENUE 5 LEARNING LEAP PTE LTD (PEI TONG PRIMARY SCHOOL) SINGAPORE 129857,129857,20668.2404885115,33215.772784153,1.31666529308968,103.767438999533,
COMMIT LEARNING SCHOOLHOUSE @ PEIYING PRIMARY SCHOOL,651,YISHUN RING ROAD,COMMIT LEARNING SCHOOLHOUSE @ PEIYING PRIMARY SCHOOL,651 YISHUN RING ROAD COMMIT LEARNING SCHOOLHOUSE @ PEIYING PRIMARY SCHOOL SINGAPORE 768687,768687,27646.6270154091,44356.206750067,1.41741627551251,103.830143209875,
PIONEER PRIMARY SCHOOL,31,JURONG WEST STREET 91,PIONEER PRIMARY SCHOOL,31 JURONG WEST STREET 91 PIONEER PRIMARY SCHOOL SINGAPORE 649037,649037,11801.9417791683,35688.3182758801,1.33902264667589,103.687769623983,
POI CHING SCHOOL,21,TAMPINES STREET 71,POI CHING SCHOOL,21 TAMPINES STREET 71 POI CHING SCHOOL SINGAPORE 529067,529067,39343.403805064,37747.9291978516,1.35765122315688,103.935246477199,
BIG HEART STUDENT CARE (PRINCESS ELIZABETH PRIMARY SCHOOL),30,BUKIT BATOK WEST AVENUE 3,BIG HEART STUDENT CARE (PRINCESS ELIZABETH PRIMARY SCHOOL),30 BUKIT BATOK WEST AVENUE 3 BIG HEART STUDENT CARE (PRINCESS ELIZABETH PRIMARY SCHOOL) SINGAPORE 659163,659163,17694.7193374345,36812.396792436,1.34919098857585,103.740719208011,
KNOWLEDGE PARK EDUCARE PTE LTD (PUNGGOL COVE PRIMARY SCHOOL),52,SUMANG WALK,KNOWLEDGE PARK EDUCARE PTE LTD (PUNGGOL COVE PRIMARY SCHOOL),52 SUMANG WALK KNOWLEDGE PARK EDUCARE PTE LTD (PUNGGOL COVE PRIMARY SCHOOL) SINGAPORE 828674,828674,35298.7904222226,43711.4672181848,1.41158455562454,103.89890448429,
LEARNING LEAP PTE LTD (PUNGGOL GREEN PRIMARY SCHOOL),98,PUNGGOL WALK,LEARNING LEAP PTE LTD (PUNGGOL GREEN PRIMARY SCHOOL),98 PUNGGOL WALK LEARNING LEAP PTE LTD (PUNGGOL GREEN PRIMARY SCHOOL) SINGAPORE 828772,828772,35286.5548319491,42621.3463525623,1.40172590450528,103.898794262307,
AFTERSCHOOL @ PUNGGOL PRIMARY SCHOOL,61,HOUGANG AVENUE 8,AFTERSCHOOL @ PUNGGOL PRIMARY SCHOOL,61 HOUGANG AVENUE 8 AFTERSCHOOL @ PUNGGOL PRIMARY SCHOOL SINGAPORE 538787,538787,34827.3316768408,40020.0263597388,1.37820062547641,103.894667159512,
PUNGGOL VIEW PRIMARY SCHOOL,9,PUNGGOL PLACE,PUNGGOL VIEW PRIMARY SCHOOL,9 PUNGGOL PLACE PUNGGOL VIEW PRIMARY SCHOOL SINGAPORE 828845,828845,35994.5599585725,42999.5250743832,1.40514582647962,103.905156371376,
AMP-MERCU STUDENT CARE CENTRE @ QIFA PRIMARY SCHOOL,50,WEST COAST AVENUE,AMP-MERCU STUDENT CARE CENTRE @ QIFA PRIMARY SCHOOL,50 WEST COAST AVENUE AMP-MERCU STUDENT CARE CENTRE @ QIFA PRIMARY SCHOOL SINGAPORE 128104,128104,19465.1912890384,32839.9119845238,1.3132658326807,103.756629101811,
POWERLIFE STUDENT SERVICES @ QIHUA PRIMARY SCHOOL,5,WOODLANDS STREET 81,POWERLIFE STUDENT SERVICES @ QIHUA PRIMARY SCHOOL,5 WOODLANDS STREET 81 POWERLIFE STUDENT SERVICES @ QIHUA PRIMARY SCHOOL SINGAPORE 738525,738525,22994.5556907868,47078.5773993656,1.44203596557592,103.788339762066,
QUEENSTOWN PRIMARY SCHOOL,310,MARGARET DRIVE,QUEENSTOWN PRIMARY SCHOOL,310 MARGARET DRIVE QUEENSTOWN PRIMARY SCHOOL SINGAPORE 149303,149303,25132.029336133,30885.6966638304,1.29559365009015,103.807548617332,
RADIN MAS PRIMARY SCHOOL,1,BUKIT PURMEI AVENUE,RADIN MAS PRIMARY SCHOOL,1 BUKIT PURMEI AVENUE RADIN MAS PRIMARY SCHOOL SINGAPORE 099840,099840,26983.8685896052,28603.9263991714,1.27495823622634,103.824188270373,
RAFFLES GIRLS' PRIMARY SCHOOL,21,HILLCREST ROAD,RAFFLES GIRLS' PRIMARY SCHOOL,21 HILLCREST ROAD RAFFLES GIRLS' PRIMARY SCHOOL SINGAPORE 289072,289072,25009.0146507286,34624.3017604016,1.3294042600012,103.806442915912,
COMMIT LEARNING SCHOOLHOUSE @ RED SWASTIKA SCHOOL,350,BEDOK NORTH AVENUE 3,COMMIT LEARNING SCHOOLHOUSE @ RED SWASTIKA SCHOOL,350 BEDOK NORTH AVENUE 3 COMMIT LEARNING SCHOOLHOUSE @ RED SWASTIKA SCHOOL SINGAPORE 469719,469719,39240.1303829281,35138.9475005791,1.33405659580859,103.934317528484,
MERCU STUDENT CARE CENTRE @ RIVERSIDE PRIMARY SCHOOL,110,WOODLANDS CRESCENT,MERCU STUDENT CARE CENTRE @ RIVERSIDE PRIMARY SCHOOL,110 WOODLANDS CRESCENT MERCU STUDENT CARE CENTRE @ RIVERSIDE PRIMARY SCHOOL SINGAPORE 737803,737803,24502.3868994378,47627.9217809848,1.44700426493785,103.801889031334,
AFTERSCHOOL @ RIVER VALLEY PRIMARY SCHOOL,2,RIVER VALLEY GREEN,AFTERSCHOOL @ RIVER VALLEY PRIMARY SCHOOL,2 RIVER VALLEY GREEN AFTERSCHOOL @ RIVER VALLEY PRIMARY SCHOOL SINGAPORE 237993,237993,28300.5267893467,30729.7527125087,1.29418347842837,103.836018941571,
RIVERVALE PRIMARY SCHOOL,80,RIVERVALE DRIVE,RIVERVALE PRIMARY SCHOOL,80 RIVERVALE DRIVE RIVERVALE PRIMARY SCHOOL SINGAPORE 545092,545092,35928.1770641869,41701.8312798403,1.39340997767762,103.904559511997,
ROSYTH SCHOOL,21,SERANGOON NORTH AVENUE 4,ROSYTH SCHOOL,21 SERANGOON NORTH AVENUE 4 ROSYTH SCHOOL SINGAPORE 555855,555855,32638.8043574626,39432.8315618001,1.37289067499064,103.875001549174,
RULANG PRIMARY SCHOOL,6,JURONG WEST STREET 52,RULANG PRIMARY SCHOOL,6 JURONG WEST STREET 52 RULANG PRIMARY SCHOOL SINGAPORE 649295,649295,15217.2735802168,36541.3390983045,1.34673868889096,103.718457955487,
SENGKANG GREEN PRIMARY SCHOOL,15,FERNVALE ROAD,SENGKANG GREEN PRIMARY SCHOOL,15 FERNVALE ROAD SENGKANG GREEN PRIMARY SCHOOL SINGAPORE 797636,797636,32662.8166451091,41639.3984784018,1.39284606680477,103.875217666486,
SEMBAWANG PRIMARY SCHOOL,10,SEMBAWANG DRIVE,SEMBAWANG PRIMARY SCHOOL,10 SEMBAWANG DRIVE SEMBAWANG PRIMARY SCHOOL SINGAPORE 757715,757715,26633.8508971538,47414.4307650849,1.4450737155262,103.821042374036,
SI LING PRIMARY SCHOOL,61,WOODLANDS AVENUE 1,SI LING PRIMARY SCHOOL,61 WOODLANDS AVENUE 1 SI LING PRIMARY SCHOOL SINGAPORE 739067,739067,22738.0565941427,46014.1202728488,1.43240935732525,103.786035065192,
SENG KANG PRIMARY SCHOOL,21,COMPASSVALE WALK,SENG KANG PRIMARY SCHOOL,21 COMPASSVALE WALK SENG KANG PRIMARY SCHOOL SINGAPORE 545166,545166,35394.8580362787,41269.1828696113,1.38949740422462,103.899767112047,
SHUQUN PRIMARY SCHOOL,8,JURONG WEST STREET 51,SHUQUN PRIMARY SCHOOL,8 JURONG WEST STREET 51 SHUQUN PRIMARY SCHOOL SINGAPORE 649332,649332,15558.4638573611,36642.4359194618,1.34765311431632,103.721523713379,
SINGAPORE CHINESE GIRLS' SCHOOL (PRIMARY),190,DUNEARN ROAD,SINGAPORE CHINESE GIRLS' SCHOOL (PRIMARY),190 DUNEARN ROAD SINGAPORE CHINESE GIRLS' SCHOOL (PRIMARY) SINGAPORE 309437,309437,27379.6878858209,33673.6731678378,1.32080725235992,103.827744749548,
SOUTH VIEW PRIMARY SCHOOL,6,CHOA CHU KANG CENTRAL,SOUTH VIEW PRIMARY SCHOOL,6 CHOA CHU KANG CENTRAL SOUTH VIEW PRIMARY SCHOOL SINGAPORE 689762,689762,18313.2418920035,40403.3706761971,1.38166664389749,103.746275846011,
SPRINGDALE PRIMARY SCHOOL,71,ANCHORVALE LINK,SPRINGDALE PRIMARY SCHOOL,71 ANCHORVALE LINK SPRINGDALE PRIMARY SCHOOL SINGAPORE 544799,544799,34299.680692099,41841.1254489459,1.39467010299293,103.889926221247,
SAINT ANDREW'S JUNIOR SCHOOL,2,FRANCIS THOMAS DRIVE,SAINT ANDREW'S JUNIOR SCHOOL,2 FRANCIS THOMAS DRIVE SAINT ANDREW'S JUNIOR SCHOOL SINGAPORE 359337,359337,31538.8499082169,34845.2692709584,1.33140255308868,103.865117134385,
SAINT ANTHONY'S CANOSSIAN PRIMARY SCHOOL,1602,BEDOK NORTH AVENUE 4,SAINT ANTHONY'S CANOSSIAN PRIMARY SCHOOL,1602 BEDOK NORTH AVENUE 4 SAINT ANTHONY'S CANOSSIAN PRIMARY SCHOOL SINGAPORE 469701,469701,40009.9558383394,35212.930261923,1.3347253730189,103.941234868202,
SAINT ANTHONY'S CANOSSIAN PRIMARY SCHOOL,1602,BEDOK NORTH AVENUE 4,SAINT ANTHONY'S CANOSSIAN PRIMARY SCHOOL,1602 BEDOK NORTH AVENUE 4 SAINT ANTHONY'S CANOSSIAN PRIMARY SCHOOL SINGAPORE 469701,469701,40009.9558383394,35212.930261923,1.3347253730189,103.941234868202,
SAINT GABRIEL'S PRIMARY SCHOOL,220,LORONG CHUAN,SAINT GABRIEL'S PRIMARY SCHOOL,220 LORONG CHUAN SAINT GABRIEL'S PRIMARY SCHOOL SINGAPORE 556742,556742,31254.358949963,36843.2848763354,1.34947192653862,103.862561037707,
SAINT HILDA'S PRIMARY SCHOOL,2,TAMPINES AVENUE 3,SAINT HILDA'S PRIMARY SCHOOL,2 TAMPINES AVENUE 3 SAINT HILDA'S PRIMARY SCHOOL SINGAPORE 529706,529706,39539.3839146122,36833.9711756017,1.34938565036336,103.937007133662,
MORNING STAR COMMUNITY SERVICES (ST JOSEPH'S INSTITUTION JUNIOR),3,ESSEX ROAD,MORNING STAR COMMUNITY SERVICES (ST JOSEPH'S INSTITUTION JUNIOR),3 ESSEX ROAD MORNING STAR COMMUNITY SERVICES (ST JOSEPH'S INSTITUTION JUNIOR) SINGAPORE 309331,309331,29370.5121512143,33342.7815418858,1.31781476118551,103.845633334522,
SAINT MARGARET'S PRIMARY SCHOOL,2,MATTAR ROAD,SAINT MARGARET'S PRIMARY SCHOOL,2 MATTAR ROAD SAINT MARGARET'S PRIMARY SCHOOL SINGAPORE 387724,387724,33376.0018041981,34070.0528455041,1.32439150290682,103.881624837373,
SAINT STEPHEN'S SCHOOL,20,SIGLAP VIEW,SAINT STEPHEN'S SCHOOL,20 SIGLAP VIEW SAINT STEPHEN'S SCHOOL SINGAPORE 455789,455789,37341.652827817,33450.7695051655,1.31878997295135,103.917258129598,
BIG HEART STUDENT CARE (TAMPINES NORTH PRIMARY SCHOOL),30,TAMPINES AVENUE 9,BIG HEART STUDENT CARE (TAMPINES NORTH PRIMARY SCHOOL),30 TAMPINES AVENUE 9 BIG HEART STUDENT CARE (TAMPINES NORTH PRIMARY SCHOOL) SINGAPORE 529565,529565,40848.2810703805,38061.6583322138,1.36048786025607,103.948768900518,
AMP-MERCU STUDENT CARE CENTRE @ TAMPINES PRIMARY SCHOOL,250,TAMPINES STREET 12,AMP-MERCU STUDENT CARE CENTRE @ TAMPINES PRIMARY SCHOOL,250 TAMPINES STREET 12 AMP-MERCU STUDENT CARE CENTRE @ TAMPINES PRIMARY SCHOOL SINGAPORE 529426,529426,40270.0982013792,36955.7182075791,1.3504863946694,103.943573098509,
AFTERSCHOOL @ TANJONG KATONG PRIMARY SCHOOL,10,SERAYA ROAD,AFTERSCHOOL @ TANJONG KATONG PRIMARY SCHOOL,10 SERAYA ROAD AFTERSCHOOL @ TANJONG KATONG PRIMARY SCHOOL SINGAPORE 437259,437259,35421.0272507127,31924.2153390218,1.30498489044822,103.899999965407,
FORMER TAO NAN SCHOOL,39,ARMENIAN STREET,FORMER TAO NAN SCHOOL,39 ARMENIAN STREET FORMER TAO NAN SCHOOL SINGAPORE 179941,179941,29748.116507777,30746.1923441123,1.2943321052493,103.849026157822,
TECK GHEE PRIMARY SCHOOL,1,ANG MO KIO STREET 32,TECK GHEE PRIMARY SCHOOL,1 ANG MO KIO STREET 32 TECK GHEE PRIMARY SCHOOL SINGAPORE 569299,569299,29962.9602906732,38625.285902936,1.36558782075966,103.850957126982,
SHG STUDENT CARE (TECK WHYE PRIMARY SCHOOL),11,TECK WHYE WALK,SHG STUDENT CARE (TECK WHYE PRIMARY SCHOOL),11 TECK WHYE WALK SHG STUDENT CARE (TECK WHYE PRIMARY SCHOOL) SINGAPORE 688261,688261,19164.4558974076,40648.8130902648,1.38388660469396,103.753924558586,
TELOK KURAU PRIMARY SCHOOL,50,BEDOK RESERVOIR ROAD,TELOK KURAU PRIMARY SCHOOL,50 BEDOK RESERVOIR ROAD TELOK KURAU PRIMARY SCHOOL SINGAPORE 479239,479239,36637.797290422,34805.9404149763,1.33104585441349,103.910934011337,
TEMASEK PRIMARY SCHOOL,501,BEDOK SOUTH AVENUE 3,TEMASEK PRIMARY SCHOOL,501 BEDOK SOUTH AVENUE 3 TEMASEK PRIMARY SCHOOL SINGAPORE 469300,469300,40494.7969370941,33331.1191061512,1.31770677551333,103.945590669163,
TOWNSVILLE PRIMARY SCHOOL,3,ANG MO KIO AVENUE 10,TOWNSVILLE PRIMARY SCHOOL,3 ANG MO KIO AVENUE 10 TOWNSVILLE PRIMARY SCHOOL SINGAPORE 569730,569730,30282.242298523,38011.0245356523,1.36003263746623,103.853826048327,
UNITY PRIMARY SCHOOL,21,CHOA CHU KANG CRESCENT,UNITY PRIMARY SCHOOL,21 CHOA CHU KANG CRESCENT UNITY PRIMARY SCHOOL SINGAPORE 688268,688268,18374.1775784306,42746.2521210518,1.40285481877246,103.746822625758,
VALOUR PRIMARY SCHOOL,49,PUNGGOL CENTRAL,VALOUR PRIMARY SCHOOL,49 PUNGGOL CENTRAL VALOUR PRIMARY SCHOOL SINGAPORE 828728,828728,35318.1306347065,43186.3631934691,1.40683570215319,103.899078139493,
WATERWAY PRIMARY SCHOOL,70,PUNGGOL DRIVE,WATERWAY PRIMARY SCHOOL,70 PUNGGOL DRIVE WATERWAY PRIMARY SCHOOL SINGAPORE 828802,828802,37493.0794339096,42300.9820826855,1.39882800626578,103.918621581556,
WELLINGTON PRIMARY SCHOOL,10,WELLINGTON CIRCLE,WELLINGTON PRIMARY SCHOOL,10 WELLINGTON CIRCLE WELLINGTON PRIMARY SCHOOL SINGAPORE 757702,757702,26774.2225156762,48171.4790451899,1.45192019155475,103.822303719094,
WEST GROVE PRIMARY SCHOOL,1,JURONG WEST STREET 72,WEST GROVE PRIMARY SCHOOL,1 JURONG WEST STREET 72 WEST GROVE PRIMARY SCHOOL SINGAPORE 649223,649223,13083.6706046276,36335.8187624309,1.3448790560014,103.699286360581,
WEST SPRING PRIMARY SCHOOL,60,BUKIT PANJANG RING ROAD,WEST SPRING PRIMARY SCHOOL,60 BUKIT PANJANG RING ROAD WEST SPRING PRIMARY SCHOOL SINGAPORE 679946,679946,20530.0971989501,41262.9989389312,1.38944145898943,103.766195711835,
WESTWOOD PRIMARY SCHOOL,1,JURONG WEST STREET 73,WESTWOOD PRIMARY SCHOOL,1 JURONG WEST STREET 73 WESTWOOD PRIMARY SCHOOL SINGAPORE 649188,649188,13222.5567915821,36590.7433790993,1.34718456606375,103.70053420978,
BIG HEART STUDENT CARE (WEST VIEW PRIMARY SCHOOL),31,SENJA ROAD,BIG HEART STUDENT CARE (WEST VIEW PRIMARY SCHOOL),31 SENJA ROAD BIG HEART STUDENT CARE (WEST VIEW PRIMARY SCHOOL) SINGAPORE 677742,677742,19871.0048010657,40637.6069141179,1.38378546546228,103.760273432258,
LEARNING LEAP PTE LTD (WHITE SANDS PRIMARY SCHOOL),2,PASIR RIS STREET 11,LEARNING LEAP PTE LTD (WHITE SANDS PRIMARY SCHOOL),2 PASIR RIS STREET 11 LEARNING LEAP PTE LTD (WHITE SANDS PRIMARY SCHOOL) SINGAPORE 519075,519075,42194.0540739279,38630.9946565423,1.36563610941695,103.960861814678,
COMMIT LEARNING SCHOOLHOUSE @ WOODGROVE PRIMARY SCHOOL,2,WOODLANDS DRIVE 14,COMMIT LEARNING SCHOOLHOUSE @ WOODGROVE PRIMARY SCHOOL,2 WOODLANDS DRIVE 14 COMMIT LEARNING SCHOOLHOUSE @ WOODGROVE PRIMARY SCHOOL SINGAPORE 738079,738079,23204.9254116695,46050.2524968032,1.43273620725049,103.79023031392,
COMMIT LEARNING SCHOOLHOUSE @ WOODLANDS PRIMARY SCHOOL,10,WOODLANDS DRIVE 50,COMMIT LEARNING SCHOOLHOUSE @ WOODLANDS PRIMARY SCHOOL,10 WOODLANDS DRIVE 50 COMMIT LEARNING SCHOOLHOUSE @ WOODLANDS PRIMARY SCHOOL SINGAPORE 738853,738853,23378.645416881,46475.5760247037,1.43658270720199,103.791791282236,
WOODLANDS RING PRIMARY SCHOOL,11,WOODLANDS RING ROAD,WOODLANDS RING PRIMARY SCHOOL,11 WOODLANDS RING ROAD WOODLANDS RING PRIMARY SCHOOL SINGAPORE 738240,738240,24006.7839585366,46295.2823582534,1.43495229315857,103.797435733144,
XINGHUA PRIMARY SCHOOL,45,HOUGANG AVENUE 1,XINGHUA PRIMARY SCHOOL,45 HOUGANG AVENUE 1 XINGHUA PRIMARY SCHOOL SINGAPORE 538882,538882,34360.61483486,37776.2619072273,1.35790893589535,103.890472887906,
SHG STUDENT CARE (XINGNAN PRIMARY SCHOOL),5,JURONG WEST STREET 91,SHG STUDENT CARE (XINGNAN PRIMARY SCHOOL),5 JURONG WEST STREET 91 SHG STUDENT CARE (XINGNAN PRIMARY SCHOOL) SINGAPORE 649036,649036,11781.8064267524,36095.6510288138,1.34270639669225,103.687588478681,
XINMIN PRIMARY SCHOOL,9,HOUGANG AVENUE 8,XINMIN PRIMARY SCHOOL,9 HOUGANG AVENUE 8 XINMIN PRIMARY SCHOOL SINGAPORE 538784,538784,33537.9261037428,39267.5186706744,1.37139548941931,103.883080767491,
XISHAN PRIMARY SCHOOL,8,YISHUN STREET 21,XISHAN PRIMARY SCHOOL,8 YISHUN STREET 21 XISHAN PRIMARY SCHOOL SINGAPORE 768611,768611,28493.7422212623,46131.5536631271,1.43347186925064,103.837755319448,
YANGZHENG PRIMARY SCHOOL,15,SERANGOON AVENUE 3,YANGZHENG PRIMARY SCHOOL,15 SERANGOON AVENUE 3 YANGZHENG PRIMARY SCHOOL SINGAPORE 556108,556108,31925.931594234,36751.9403087255,1.34864575840923,103.868595527042,
YEW TEE PRIMARY SCHOOL,10,CHOA CHU KANG STREET 64,YEW TEE PRIMARY SCHOOL,10 CHOA CHU KANG STREET 64 YEW TEE PRIMARY SCHOOL SINGAPORE 689100,689100,18837.4775282657,42072.9649468437,1.39676600905037,103.750985967346,
YIO CHU KANG PRIMARY SCHOOL,1,HOUGANG STREET 51,YIO CHU KANG PRIMARY SCHOOL,1 HOUGANG STREET 51 YIO CHU KANG PRIMARY SCHOOL SINGAPORE 538720,538720,33823.1315680202,39990.3703038469,1.37793264345276,103.885643682171,
YISHUN PRIMARY SCHOOL,500,YISHUN RING ROAD,YISHUN PRIMARY SCHOOL,500 YISHUN RING ROAD YISHUN PRIMARY SCHOOL SINGAPORE 768679,768679,28085.526611778,46122.0615023617,1.43338602975674,103.834087115915,
YU NENG PRIMARY SCHOOL,56,BEDOK NORTH STREET 3,YU NENG PRIMARY SCHOOL,56 BEDOK NORTH STREET 3 YU NENG PRIMARY SCHOOL SINGAPORE 469623,469623,38998.3352306299,35120.4393246993,1.33388930344069,103.932144857355,
YUHUA PRIMARY SCHOOL,158,JURONG EAST STREET 24,YUHUA PRIMARY SCHOOL,158 JURONG EAST STREET 24 YUHUA PRIMARY SCHOOL SINGAPORE 609558,609558,17737.7130106175,36105.9662365932,1.34280230475033,103.741105772644,
SHG STUDENT CARE (YUMIN PRIMARY SCHOOL),3,TAMPINES STREET 21,SHG STUDENT CARE (YUMIN PRIMARY SCHOOL),3 TAMPINES STREET 21 SHG STUDENT CARE (YUMIN PRIMARY SCHOOL) SINGAPORE 529393,529393,41046.6676057065,37047.4549574535,1.35131569890862,103.950551091373,
ZHANGDE PRIMARY SCHOOL,51,JALAN MEMBINA,ZHANGDE PRIMARY SCHOOL,51 JALAN MEMBINA ZHANGDE PRIMARY SCHOOL SINGAPORE 169485,169485,27180.1468993286,29627.1075303145,1.28421153335379,103.825951875662,
ZHENGHUA PRIMARY SCHOOL,9,FAJAR ROAD,ZHENGHUA PRIMARY SCHOOL,9 FAJAR ROAD ZHENGHUA PRIMARY SCHOOL SINGAPORE 679002,679002,20877.0395431835,40169.1169131137,1.37954887512229,103.769313521752,
LEARNING STUDIO BY ZENITANT (ZHONGHUA PRIMARY SCHOOL),12,SERANGOON AVENUE 4,LEARNING STUDIO BY ZENITANT (ZHONGHUA PRIMARY SCHOOL),12 SERANGOON AVENUE 4 LEARNING STUDIO BY ZENITANT (ZHONGHUA PRIMARY SCHOOL) SINGAPORE 556095,556095,32050.2209249679,38036.2660969216,1.36026072476019,103.869712517383,
